{"Algorithm": "Query-adv", "Precision": 0.5353982300884956, "Recall": 0.8929889298892989, "F1-score": 0.6694329183955741, "Accuracy": 0.5741540394127346, "FNR": 0.1070110701107011, "FPR": 0.7446808510638298, "Membership advantage": 0.14830807882546915, "TPR@1%FPR": 0.0, "TPR@10%FPR": 0.0, "AUROC": 0.5768839470309597}