{"Algorithm": "Model-fpr", "Precision": 0.5995607613469985, "Recall": 0.7555350553505535, "F1-score": 0.6685714285714285, "Accuracy": 0.6353029886681846, "FNR": 0.2444649446494465, "FPR": 0.4849290780141844, "Membership advantage": 0.27060597733636915, "TPR@1%FPR": 0.08118081180811808, "TPR@10%FPR": 0.2693726937269373, "AUROC": 0.6876120423438277}