{"Algorithm": "Metric-ent", "Precision": 0.5176565008025682, "Recall": 0.5950184501845018, "F1-score": 0.5536480686695279, "Accuracy": 0.5311085158723927, "FNR": 0.40498154981549817, "FPR": 0.5328014184397163, "Membership advantage": 0.062217031744785545, "TPR@1%FPR": 0.01845018450184502, "TPR@10%FPR": 0.1014760147601476, "AUROC": 0.5308484467823401}