{"Algorithm": "Query-adv", "Precision": 0.554641598119859, "Recall": 0.8287971905179983, "F1-score": 0.6645547342485042, "Accuracy": 0.5611833110092321, "FNR": 0.17120280948200176, "FPR": 0.706430568499534, "Membership advantage": 0.12236662201846427, "TPR@1%FPR": 0.0, "TPR@10%FPR": 0.0, "AUROC": 0.5622286026149064}