{"Algorithm": "Model-robust", "Precision": 0.5342729019859065, "Recall": 0.7651376146788991, "F1-score": 0.6291965296114674, "Accuracy": 0.5585937627761697, "FNR": 0.23486238532110093, "FPR": 0.6479500891265597, "Membership advantage": 0.11718752555233936, "TPR@1%FPR": 0.01743119266055046, "TPR@10%FPR": 0.13761467889908258, "AUROC": 0.5632115815467138}