{"Algorithm": "Model-fpr", "Precision": 0.60423197492163, "Recall": 0.6769095697980685, "F1-score": 0.6385093167701863, "Accuracy": 0.6031332564740576, "FNR": 0.3230904302019315, "FPR": 0.4706430568499534, "Membership advantage": 0.2062665129481151, "TPR@1%FPR": 0.03775241439859526, "TPR@10%FPR": 0.20368744512730466, "AUROC": 0.6382358259685619}