{"Algorithm": "Model-calibration", "Precision": 0.5869436201780416, "Recall": 0.8683055311676909, "F1-score": 0.7004249291784702, "Accuracy": 0.6098284412595212, "FNR": 0.13169446883230904, "FPR": 0.6486486486486487, "Membership advantage": 0.21965688251904225, "TPR@1%FPR": 0.05970149253731343, "TPR@10%FPR": 0.2317822651448639, "AUROC": 0.65638094271802}