{"Algorithm": "Query-neighbor", "Precision": 0.5155350978135789, "Recall": 0.41100917431192663, "F1-score": 0.4573762123532415, "Accuracy": 0.5178931789563198, "FNR": 0.5889908256880734, "FPR": 0.375222816399287, "Membership advantage": 0.03578635791263962, "TPR@1%FPR": 0.010091743119266056, "TPR@10%FPR": 0.062385321100917435, "AUROC": 0.5229034816595529}