{"Algorithm": "Query-transfer", "Precision": 0.5220055710306407, "Recall": 0.8643911439114391, "F1-score": 0.6509204584925322, "Accuracy": 0.5518764230195494, "FNR": 0.13560885608856088, "FPR": 0.7606382978723404, "Membership advantage": 0.10375284603909873, "TPR@1%FPR": 0.007380073800738007, "TPR@10%FPR": 0.09686346863468635, "AUROC": 0.5208954882102013}