{"Algorithm": "Learn-top3", "Precision": 0.5155807365439093, "Recall": 0.6660567246111619, "F1-score": 0.5812375249500998, "Accuracy": 0.5273983354959295, "FNR": 0.33394327538883806, "FPR": 0.6112600536193029, "Membership advantage": 0.05479667099185903, "TPR@1%FPR": 0.0192131747483989, "TPR@10%FPR": 0.12168344007319305, "AUROC": 0.5250166180593541}