{"Algorithm": "Model-loss", "Precision": 0.5308868501529052, "Recall": 0.7963302752293578, "F1-score": 0.6370642201834863, "Accuracy": 0.55636478110844, "FNR": 0.2036697247706422, "FPR": 0.6836007130124777, "Membership advantage": 0.11272956221688013, "TPR@1%FPR": 0.014678899082568808, "TPR@10%FPR": 0.14036697247706423, "AUROC": 0.5503376997170846}