{"Algorithm": "Metric-loss", "Precision": 0.5569700827498408, "Recall": 0.8027522935779816, "F1-score": 0.6576475009394965, "Accuracy": 0.5912157189815042, "FNR": 0.19724770642201836, "FPR": 0.6203208556149733, "Membership advantage": 0.1824314379630083, "TPR@1%FPR": 0.02110091743119266, "TPR@10%FPR": 0.10825688073394496, "AUROC": 0.6007359073737919}