{"Algorithm": "Model-calibration", "Precision": 0.6146469049694856, "Recall": 0.6467889908256881, "F1-score": 0.6303084488153777, "Accuracy": 0.626424798443147, "FNR": 0.3532110091743119, "FPR": 0.3939393939393939, "Membership advantage": 0.25284959688629416, "TPR@1%FPR": 0.0853211009174312, "TPR@10%FPR": 0.25504587155963304, "AUROC": 0.6807045086591768}