{"Algorithm": "Metric-ment", "Precision": 0.5579014715291107, "Recall": 0.8, "F1-score": 0.6573690162080663, "Accuracy": 0.5916221033868093, "FNR": 0.2, "FPR": 0.6167557932263814, "Membership advantage": 0.18324420677361863, "TPR@1%FPR": 0.02110091743119266, "TPR@10%FPR": 0.10917431192660551, "AUROC": 0.6002256782612961}