{"Algorithm": "Learn-label", "Precision": 0.5623136553369111, "Recall": 0.865137614678899, "F1-score": 0.6816046259486809, "Accuracy": 0.6054743331861518, "FNR": 0.13486238532110092, "FPR": 0.6541889483065954, "Membership advantage": 0.2109486663723037, "TPR@1%FPR": 0.031192660550458717, "TPR@10%FPR": 0.16055045871559634, "AUROC": 0.6204991087344028}