{"Algorithm": "Learn-top3", "Precision": 0.5150375939849624, "Recall": 0.6319188191881919, "F1-score": 0.567522783761392, "Accuracy": 0.530055154274947, "FNR": 0.36808118081180813, "FPR": 0.5718085106382979, "Membership advantage": 0.060110308549894076, "TPR@1%FPR": 0.014760147601476014, "TPR@10%FPR": 0.10055350553505535, "AUROC": 0.5297083954882102}