{"Algorithm": "Query-neighbor", "Precision": 0.5072065888812629, "Recall": 0.6779816513761467, "F1-score": 0.580290537887711, "Accuracy": 0.5190264763119593, "FNR": 0.3220183486238532, "FPR": 0.6399286987522281, "Membership advantage": 0.03805295262391861, "TPR@1%FPR": 0.0009174311926605505, "TPR@10%FPR": 0.07247706422018349, "AUROC": 0.5164916842466761}