{"Algorithm": "Metric-ment", "Precision": 0.5394506136762127, "Recall": 0.8444647758462946, "F1-score": 0.6583452211126961, "Accuracy": 0.5701322985576425, "FNR": 0.1555352241537054, "FPR": 0.7042001787310098, "Membership advantage": 0.14026459711528483, "TPR@1%FPR": 0.0192131747483989, "TPR@10%FPR": 0.1253430924062214, "AUROC": 0.5781016084973267}