{"Algorithm": "Model-robust", "Precision": 0.6074561403508771, "Recall": 0.7602927721866423, "F1-score": 0.6753352295814709, "Accuracy": 0.6402000053962702, "FNR": 0.23970722781335774, "FPR": 0.47989276139410186, "Membership advantage": 0.2804000107925404, "TPR@1%FPR": 0.0768526989935956, "TPR@10%FPR": 0.3037511436413541, "AUROC": 0.7083377280230765}