{"Algorithm": "Learn-merge", "Precision": 0.5663600525624178, "Recall": 0.7568042142230026, "F1-score": 0.6478767380683953, "Accuracy": 0.5708531788729179, "FNR": 0.24319578577699735, "FPR": 0.6150978564771669, "Membership advantage": 0.14170635774583573, "TPR@1%FPR": 0.02633889376646181, "TPR@10%FPR": 0.11501316944688324, "AUROC": 0.5616083826250033}