{"Algorithm": "Model-calibration", "Precision": 0.6047619047619047, "Recall": 0.7029520295202952, "F1-score": 0.6501706484641638, "Accuracy": 0.6307313339090838, "FNR": 0.29704797047970477, "FPR": 0.44148936170212766, "Membership advantage": 0.26146266781816757, "TPR@1%FPR": 0.07656826568265683, "TPR@10%FPR": 0.246309963099631, "AUROC": 0.6878851966711155}