{"Algorithm": "Learn-top3", "Precision": 0.631578947368421, "Recall": 0.06321334503950835, "F1-score": 0.11492418196328812, "Accuracy": 0.5120353770863898, "FNR": 0.9367866549604916, "FPR": 0.0391425908667288, "Membership advantage": 0.024070754172779547, "TPR@1%FPR": 0.0228270412642669, "TPR@10%FPR": 0.10711150131694469, "AUROC": 0.5062913872062853}