{"Algorithm": "Metric-loss", "Precision": 0.5384164222873901, "Recall": 0.8398902104300091, "F1-score": 0.6561829878484632, "Accuracy": 0.5682918433740751, "FNR": 0.16010978956999086, "FPR": 0.7033065236818588, "Membership advantage": 0.13658368674815036, "TPR@1%FPR": 0.0192131747483989, "TPR@10%FPR": 0.12991765782250686, "AUROC": 0.5779895950099218}