{"Algorithm": "Learn-original", "Precision": 0.5034856700232379, "Recall": 0.5963302752293578, "F1-score": 0.5459890802183955, "Accuracy": 0.5125145137287609, "FNR": 0.4036697247706422, "FPR": 0.571301247771836, "Membership advantage": 0.02502902745752178, "TPR@1%FPR": 0.010091743119266056, "TPR@10%FPR": 0.0981651376146789, "AUROC": 0.5028070777935862}