{"Algorithm": "Metric-ment", "Precision": 0.5582089552238806, "Recall": 0.8208955223880597, "F1-score": 0.6645344705046198, "Accuracy": 0.5656201749871332, "FNR": 0.1791044776119403, "FPR": 0.6896551724137931, "Membership advantage": 0.1312403499742666, "TPR@1%FPR": 0.021071115013169446, "TPR@10%FPR": 0.11150131694468832, "AUROC": 0.5551598948408006}