{"Algorithm": "Query-transfer", "Precision": 0.520845231296402, "Recall": 0.8344007319304666, "F1-score": 0.6413502109704642, "Accuracy": 0.5423120728463772, "FNR": 0.1655992680695334, "FPR": 0.7497765862377123, "Membership advantage": 0.08462414569275434, "TPR@1%FPR": 0.0036596523330283625, "TPR@10%FPR": 0.09240622140896615, "AUROC": 0.5041673923014847}