{"Algorithm": "Learn-label", "Precision": 0.5185387131952017, "Recall": 0.8724770642201835, "F1-score": 0.6504787961696306, "Accuracy": 0.5427447709692718, "FNR": 0.12752293577981652, "FPR": 0.7869875222816399, "Membership advantage": 0.08548954193854352, "TPR@1%FPR": 0.01834862385321101, "TPR@10%FPR": 0.1018348623853211, "AUROC": 0.5285883661220953}