{"Algorithm": "Metric-loss", "Precision": 0.5584569732937685, "Recall": 0.8261633011413521, "F1-score": 0.6664305949008498, "Accuracy": 0.5663901314653639, "FNR": 0.17383669885864794, "FPR": 0.6933830382106244, "Membership advantage": 0.13278026293072764, "TPR@1%FPR": 0.021071115013169446, "TPR@10%FPR": 0.10711150131694469, "AUROC": 0.5548816959007385}