{"Algorithm": "Query-augment", "Precision": 0.5423076923076923, "Recall": 0.9055045871559633, "F1-score": 0.6783505154639174, "Accuracy": 0.5815401723658604, "FNR": 0.0944954128440367, "FPR": 0.7424242424242424, "Membership advantage": 0.16308034473172084, "TPR@1%FPR": 0.0, "TPR@10%FPR": 0.0, "AUROC": 0.5815401723658604}