{"Algorithm": "Model-fpr", "Precision": 0.5226077812828601, "Recall": 0.4559633027522936, "F1-score": 0.487016168544831, "Accuracy": 0.525664360823562, "FNR": 0.5440366972477064, "FPR": 0.40463458110516937, "Membership advantage": 0.05132872164712421, "TPR@1%FPR": 0.024770642201834864, "TPR@10%FPR": 0.13027522935779817, "AUROC": 0.5155202865132709}