{"Algorithm": "Query-neighbor", "Precision": 0.5493421052631579, "Recall": 0.43985952589991223, "F1-score": 0.4885421745490005, "Accuracy": 0.5284106576377474, "FNR": 0.5601404741000878, "FPR": 0.3830382106244175, "Membership advantage": 0.05682131527549472, "TPR@1%FPR": 0.001755926251097454, "TPR@10%FPR": 0.07199297629499561, "AUROC": 0.5394833845683048}