{"Algorithm": "Metric-loss", "Precision": 0.5382003395585738, "Recall": 0.8773062730627307, "F1-score": 0.6671343388284813, "Accuracy": 0.5769510088717908, "FNR": 0.12269372693726938, "FPR": 0.723404255319149, "Membership advantage": 0.1539020177435817, "TPR@1%FPR": 0.01845018450184502, "TPR@10%FPR": 0.1070110701107011, "AUROC": 0.5793284329119887}