{"Algorithm": "Metric-ent", "Precision": 0.5157278712509145, "Recall": 0.6450137236962489, "F1-score": 0.5731707317073171, "Accuracy": 0.5267070405791343, "FNR": 0.3549862763037511, "FPR": 0.5915996425379804, "Membership advantage": 0.05341408115826851, "TPR@1%FPR": 0.021957913998170174, "TPR@10%FPR": 0.12900274473924978, "AUROC": 0.5232558805036847}