{"Algorithm": "Model-loss", "Precision": 0.6254098360655738, "Recall": 0.7038745387453874, "F1-score": 0.6623263888888888, "Accuracy": 0.649366347386878, "FNR": 0.29612546125461253, "FPR": 0.4051418439716312, "Membership advantage": 0.2987326947737562, "TPR@1%FPR": 0.08487084870848709, "TPR@10%FPR": 0.3016605166051661, "AUROC": 0.7122818036691005}