{"Algorithm": "Learn-label", "Precision": 0.55625, "Recall": 0.8210332103321033, "F1-score": 0.6631892697466468, "Accuracy": 0.595800293109314, "FNR": 0.17896678966789667, "FPR": 0.6294326241134752, "Membership advantage": 0.19160058621862808, "TPR@1%FPR": 0.026752767527675275, "TPR@10%FPR": 0.16420664206642066, "AUROC": 0.6070200662113003}