{"Algorithm": "Model-calibration", "Precision": 0.5855437665782494, "Recall": 0.807868252516011, "F1-score": 0.6789696270665129, "Accuracy": 0.6246669233983093, "FNR": 0.19213174748398903, "FPR": 0.5585344057193923, "Membership advantage": 0.24933384679661874, "TPR@1%FPR": 0.0677035681610247, "TPR@10%FPR": 0.26806953339432754, "AUROC": 0.6784199066772303}