{"Algorithm": "Model-lira", "Precision": 0.616504854368932, "Recall": 0.5809698078682525, "F1-score": 0.5982100800753651, "Accuracy": 0.6139880317267983, "FNR": 0.41903019213174747, "FPR": 0.3529937444146559, "Membership advantage": 0.22797606345359656, "TPR@1%FPR": 0.07410795974382434, "TPR@10%FPR": 0.30466605672461117, "AUROC": 0.6809496127358519}