{"Algorithm": "Learn-label", "Precision": 0.561724748966332, "Recall": 0.8349429323968394, "F1-score": 0.6716101694915254, "Accuracy": 0.5717119135423153, "FNR": 0.16505706760316066, "FPR": 0.6915191053122087, "Membership advantage": 0.14342382708463064, "TPR@1%FPR": 0.03160667251975417, "TPR@10%FPR": 0.14135206321334504, "AUROC": 0.5801642519271414}