{"Algorithm": "Query-adv", "Precision": 0.509242695289207, "Recall": 0.7834862385321101, "F1-score": 0.6172750271051681, "Accuracy": 0.5249873260396736, "FNR": 0.21651376146788992, "FPR": 0.7335115864527629, "Membership advantage": 0.04997465207934715, "TPR@1%FPR": 0.0, "TPR@10%FPR": 0.0, "AUROC": 0.5226185219709235}