{"Algorithm": "Model-loss", "Precision": 0.6533203125, "Recall": 0.6120768526989936, "F1-score": 0.632026452527161, "Accuracy": 0.6474146551251894, "FNR": 0.3879231473010064, "FPR": 0.31724754244861486, "Membership advantage": 0.29482931025037873, "TPR@1%FPR": 0.05489478499542543, "TPR@10%FPR": 0.3019213174748399, "AUROC": 0.7123730752280946}