{"Algorithm": "Learn-sorted", "Precision": 0.5163352272727273, "Recall": 0.6651418115279049, "F1-score": 0.5813674530187924, "Accuracy": 0.5282813615280275, "FNR": 0.33485818847209514, "FPR": 0.6085790884718498, "Membership advantage": 0.05656272305605503, "TPR@1%FPR": 0.020128087831655993, "TPR@10%FPR": 0.12168344007319305, "AUROC": 0.5254274704492886}