{"Algorithm": "Metric-corr", "Precision": 0.5348314606741573, "Recall": 0.8782287822878229, "F1-score": 0.664804469273743, "Accuracy": 0.5720931145481667, "FNR": 0.12177121771217712, "FPR": 0.7340425531914894, "Membership advantage": 0.1441862290963335, "TPR@1%FPR": 0.0, "TPR@10%FPR": 0.0, "AUROC": 0.5720931145481667}