{"Algorithm": "Learn-merge", "Precision": 0.5564570655848546, "Recall": 0.7529734675205856, "F1-score": 0.6399688958009332, "Accuracy": 0.5829210501141802, "FNR": 0.24702653247941445, "FPR": 0.5871313672922251, "Membership advantage": 0.16584210022836043, "TPR@1%FPR": 0.018298261665141813, "TPR@10%FPR": 0.13083257090576395, "AUROC": 0.5945708616126508}