{"Algorithm": "Model-fpr", "Precision": 0.6312900274473925, "Recall": 0.6330275229357798, "F1-score": 0.6321575813101237, "Accuracy": 0.636923743642578, "FNR": 0.3669724770642202, "FPR": 0.3591800356506239, "Membership advantage": 0.2738474872851559, "TPR@1%FPR": 0.04220183486238532, "TPR@10%FPR": 0.23853211009174313, "AUROC": 0.6875909663281494}