{"Algorithm": "Learn-top3", "Precision": 0.5051546391752577, "Recall": 0.6293577981651376, "F1-score": 0.5604575163398692, "Accuracy": 0.5152136584408575, "FNR": 0.3706422018348624, "FPR": 0.5989304812834224, "Membership advantage": 0.030427316881715183, "TPR@1%FPR": 0.005504587155963303, "TPR@10%FPR": 0.09174311926605505, "AUROC": 0.4978736365271713}