{"Algorithm": "Metric-ent", "Precision": 0.52088948787062, "Recall": 0.7091743119266055, "F1-score": 0.6006216006216006, "Accuracy": 0.5377422361772065, "FNR": 0.2908256880733945, "FPR": 0.6336898395721925, "Membership advantage": 0.07548447235441302, "TPR@1%FPR": 0.02018348623853211, "TPR@10%FPR": 0.1018348623853211, "AUROC": 0.5415256177533565}