{"Algorithm": "Learn-label", "Precision": 0.5648081100651702, "Recall": 0.7136322049405307, "F1-score": 0.6305578011317704, "Accuracy": 0.5882727602003816, "FNR": 0.28636779505946935, "FPR": 0.5370866845397676, "Membership advantage": 0.1765455204007631, "TPR@1%FPR": 0.04025617566331199, "TPR@10%FPR": 0.1454711802378774, "AUROC": 0.5973667019059462}