{"Algorithm": "Query-transfer", "Precision": 0.5088524590163934, "Recall": 0.7119266055045872, "F1-score": 0.5934990439770554, "Accuracy": 0.5221843366203862, "FNR": 0.28807339449541286, "FPR": 0.6675579322638147, "Membership advantage": 0.04436867324077254, "TPR@1%FPR": 0.011009174311926606, "TPR@10%FPR": 0.09357798165137615, "AUROC": 0.503956728646421}