{"Algorithm": "Query-neighbor", "Precision": 0.5206327372764786, "Recall": 0.6925892040256175, "F1-score": 0.5944248135060856, "Accuracy": 0.5348558173836756, "FNR": 0.3074107959743824, "FPR": 0.6228775692582663, "Membership advantage": 0.0697116347673512, "TPR@1%FPR": 0.0009149130832570906, "TPR@10%FPR": 0.07502287282708142, "AUROC": 0.5399659217360946}