{"Algorithm": "Metric-ment", "Precision": 0.53646408839779, "Recall": 0.8957564575645757, "F1-score": 0.6710435383552177, "Accuracy": 0.5759810656617205, "FNR": 0.10424354243542436, "FPR": 0.7437943262411347, "Membership advantage": 0.15196213132344094, "TPR@1%FPR": 0.016605166051660517, "TPR@10%FPR": 0.10424354243542436, "AUROC": 0.5788500039255712}