{"Algorithm": "Query-adv", "Precision": 0.5476053087132141, "Recall": 0.8706422018348624, "F1-score": 0.6723343960325895, "Accuracy": 0.5859449868354347, "FNR": 0.12935779816513762, "FPR": 0.6987522281639929, "Membership advantage": 0.17188997367086956, "TPR@1%FPR": 0.0, "TPR@10%FPR": 0.0, "AUROC": 0.589727550736725}