{"Algorithm": "Model-loss", "Precision": 0.5988771054273238, "Recall": 0.8428446005267779, "F1-score": 0.7002188183807441, "Accuracy": 0.621795086843072, "FNR": 0.15715539947322213, "FPR": 0.5992544268406338, "Membership advantage": 0.2435901736861441, "TPR@1%FPR": 0.06584723441615452, "TPR@10%FPR": 0.2546093064091308, "AUROC": 0.6798453868478997}