{"Algorithm": "Model-lira", "Precision": 0.5568246716162193, "Recall": 0.8994464944649446, "F1-score": 0.6878306878306877, "Accuracy": 0.6057516160267986, "FNR": 0.10055350553505535, "FPR": 0.6879432624113475, "Membership advantage": 0.2115032320535971, "TPR@1%FPR": 0.07472324723247233, "TPR@10%FPR": 0.27121771217712176, "AUROC": 0.6592236201617335}