{"Algorithm": "Model-robust", "Precision": 0.6218418907905461, "Recall": 0.6698858647936786, "F1-score": 0.6449704142011833, "Accuracy": 0.6187267161806231, "FNR": 0.3301141352063213, "FPR": 0.43243243243243246, "Membership advantage": 0.23745343236124616, "TPR@1%FPR": 0.06409130816505706, "TPR@10%FPR": 0.2598770851624232, "AUROC": 0.6722530104807359}