{"Algorithm": "Query-transfer", "Precision": 0.523301516002246, "Recall": 0.8550458715596331, "F1-score": 0.6492511320097527, "Accuracy": 0.5491806897905117, "FNR": 0.14495412844036698, "FPR": 0.7566844919786097, "Membership advantage": 0.09836137958102342, "TPR@1%FPR": 0.01743119266055046, "TPR@10%FPR": 0.08990825688073395, "AUROC": 0.5277408461299449}