{"Algorithm": "Learn-sorted", "Precision": 0.5043668122270742, "Recall": 0.6357798165137615, "F1-score": 0.5625, "Accuracy": 0.5144139724280037, "FNR": 0.3642201834862385, "FPR": 0.606951871657754, "Membership advantage": 0.02882794485600748, "TPR@1%FPR": 0.005504587155963303, "TPR@10%FPR": 0.09174311926605505, "AUROC": 0.4982967832671017}