{"Algorithm": "Learn-original", "Precision": 0.5204262877442274, "Recall": 0.8064220183486238, "F1-score": 0.6326016552716806, "Accuracy": 0.5422484423293921, "FNR": 0.19357798165137616, "FPR": 0.7219251336898396, "Membership advantage": 0.08449688465878424, "TPR@1%FPR": 0.012844036697247707, "TPR@10%FPR": 0.12568807339449542, "AUROC": 0.5472730543426712}