{"Algorithm": "Learn-sorted", "Precision": 0.522911051212938, "Recall": 0.7119266055045872, "F1-score": 0.6029526029526029, "Accuracy": 0.5404552813619192, "FNR": 0.28807339449541286, "FPR": 0.6310160427807486, "Membership advantage": 0.08091056272383856, "TPR@1%FPR": 0.01834862385321101, "TPR@10%FPR": 0.10458715596330276, "AUROC": 0.5409021406727829}