{"Algorithm": "Metric-ent", "Precision": 0.5077677841373671, "Recall": 0.5697247706422018, "F1-score": 0.5369649805447471, "Accuracy": 0.516591440579568, "FNR": 0.43027522935779816, "FPR": 0.5365418894830659, "Membership advantage": 0.033182881159135924, "TPR@1%FPR": 0.006422018348623854, "TPR@10%FPR": 0.09357798165137615, "AUROC": 0.49741778279285026}