{"Algorithm": "Query-augment", "Precision": 0.5518030910131654, "Recall": 0.8463564530289728, "F1-score": 0.668052668052668, "Accuracy": 0.5583133616496215, "FNR": 0.15364354697102722, "FPR": 0.7297297297297297, "Membership advantage": 0.11662672329924306, "TPR@1%FPR": 0.0, "TPR@10%FPR": 0.0, "AUROC": 0.5583133616496215}