{"Algorithm": "Query-adv", "Precision": 0.5382870107770845, "Recall": 0.868252516010979, "F1-score": 0.6645658263305323, "Accuracy": 0.5704086530010213, "FNR": 0.13174748398902103, "FPR": 0.7274352100089365, "Membership advantage": 0.14081730600204245, "TPR@1%FPR": 0.0, "TPR@10%FPR": 0.0, "AUROC": 0.5685383548080358}