{"Algorithm": "Learn-top3", "Precision": 0.5232010759919301, "Recall": 0.7137614678899082, "F1-score": 0.6038028715560729, "Accuracy": 0.5409270797560057, "FNR": 0.28623853211009176, "FPR": 0.6319073083778967, "Membership advantage": 0.08185415951201158, "TPR@1%FPR": 0.01743119266055046, "TPR@10%FPR": 0.10366972477064221, "AUROC": 0.5410444160983826}