{"Algorithm": "Learn-original", "Precision": 0.5872420262664165, "Recall": 0.28636779505946935, "F1-score": 0.38499384993849944, "Accuracy": 0.5448818421231216, "FNR": 0.7136322049405307, "FPR": 0.1966041108132261, "Membership advantage": 0.08976368424624326, "TPR@1%FPR": 0.022872827081427266, "TPR@10%FPR": 0.15827996340347666, "AUROC": 0.5530612795537775}