{"Algorithm": "Model-robust", "Precision": 0.6126205083260298, "Recall": 0.6412844036697247, "F1-score": 0.6266248319139399, "Accuracy": 0.6236725048651655, "FNR": 0.3587155963302752, "FPR": 0.3939393939393939, "Membership advantage": 0.2473450097303308, "TPR@1%FPR": 0.10733944954128441, "TPR@10%FPR": 0.2761467889908257, "AUROC": 0.6921973376506566}