{"Algorithm": "Model-lira", "Precision": 0.5816993464052288, "Recall": 0.8595258999122037, "F1-score": 0.6938341601700923, "Accuracy": 0.6017107598349463, "FNR": 0.14047410008779632, "FPR": 0.6561043802423113, "Membership advantage": 0.20342151966989241, "TPR@1%FPR": 0.041264266900790166, "TPR@10%FPR": 0.22300263388937663, "AUROC": 0.6461546769742101}