{"Algorithm": "Learn-merge", "Precision": 0.5197551474680022, "Recall": 0.8568807339449541, "F1-score": 0.6470384482161414, "Accuracy": 0.5438592618031366, "FNR": 0.14311926605504588, "FPR": 0.7691622103386809, "Membership advantage": 0.08771852360627319, "TPR@1%FPR": 0.010091743119266056, "TPR@10%FPR": 0.11559633027522936, "AUROC": 0.5335798623035537}