{"Algorithm": "Metric-corr", "Precision": 0.5354330708661418, "Recall": 0.8709972552607502, "F1-score": 0.663183559735284, "Accuracy": 0.5664190923310006, "FNR": 0.12900274473924978, "FPR": 0.7381590705987489, "Membership advantage": 0.13283818466200137, "TPR@1%FPR": 0.0, "TPR@10%FPR": 0.0, "AUROC": 0.5664190923310006}