{"Algorithm": "Metric-ment", "Precision": 0.5153374233128835, "Recall": 0.6935779816513762, "F1-score": 0.5913179507235041, "Accuracy": 0.5299440710395918, "FNR": 0.30642201834862387, "FPR": 0.6336898395721925, "Membership advantage": 0.05988814207918369, "TPR@1%FPR": 0.005504587155963303, "TPR@10%FPR": 0.09541284403669725, "AUROC": 0.5179291566501496}