{"Algorithm": "Metric-corr", "Precision": 0.508117859290439, "Recall": 0.7752293577981652, "F1-score": 0.6138757718852161, "Accuracy": 0.5230870496655711, "FNR": 0.22477064220183487, "FPR": 0.7290552584670231, "Membership advantage": 0.04617409933114203, "TPR@1%FPR": 0.0, "TPR@10%FPR": 0.0, "AUROC": 0.5230870496655711}