{"Algorithm": "Model-loss", "Precision": 0.5930313588850175, "Recall": 0.7807339449541284, "F1-score": 0.6740594059405941, "Accuracy": 0.6301174181098628, "FNR": 0.21926605504587157, "FPR": 0.5204991087344029, "Membership advantage": 0.26023483621972554, "TPR@1%FPR": 0.08073394495412844, "TPR@10%FPR": 0.26972477064220185, "AUROC": 0.6943474136944185}