{"Algorithm": "Model-lira", "Precision": 0.5091177920157713, "Recall": 0.9477064220183486, "F1-score": 0.662391792241103, "Accuracy": 0.5300029436294952, "FNR": 0.05229357798165138, "FPR": 0.8877005347593583, "Membership advantage": 0.060005887258990365, "TPR@1%FPR": 0.01926605504587156, "TPR@10%FPR": 0.10642201834862386, "AUROC": 0.524154933032429}