{"Algorithm": "Model-calibration", "Precision": 0.5189732142857143, "Recall": 0.8532110091743119, "F1-score": 0.645385149201943, "Accuracy": 0.5424700322163895, "FNR": 0.14678899082568808, "FPR": 0.768270944741533, "Membership advantage": 0.0849400644327789, "TPR@1%FPR": 0.015596330275229359, "TPR@10%FPR": 0.11743119266055047, "AUROC": 0.5364478568741926}