{"Algorithm": "Model-fpr", "Precision": 0.6268939393939394, "Recall": 0.605672461116194, "F1-score": 0.6161005118659842, "Accuracy": 0.6267861858753445, "FNR": 0.39432753888380606, "FPR": 0.3521000893655049, "Membership advantage": 0.2535723717506891, "TPR@1%FPR": 0.055809698078682524, "TPR@10%FPR": 0.292772186642269, "AUROC": 0.6784934921799052}