{"Algorithm": "Model-lira", "Precision": 0.5966850828729282, "Recall": 0.5944954128440367, "F1-score": 0.5955882352941176, "Accuracy": 0.6020605406466173, "FNR": 0.4055045871559633, "FPR": 0.39037433155080214, "Membership advantage": 0.20412108129323459, "TPR@1%FPR": 0.05779816513761468, "TPR@10%FPR": 0.26788990825688075, "AUROC": 0.6608456393399729}