{"Algorithm": "Metric-conf", "Precision": 0.515659140568099, "Recall": 0.6495412844036698, "F1-score": 0.5749086479902558, "Accuracy": 0.5284248311501415, "FNR": 0.3504587155963303, "FPR": 0.5926916221033868, "Membership advantage": 0.05684966230028299, "TPR@1%FPR": 0.006422018348623854, "TPR@10%FPR": 0.0963302752293578, "AUROC": 0.5176969369899753}