{"Algorithm": "Learn-merge", "Precision": 0.5519951632406288, "Recall": 0.8422509225092251, "F1-score": 0.66691015339664, "Accuracy": 0.5926680144461018, "FNR": 0.1577490774907749, "FPR": 0.6569148936170213, "Membership advantage": 0.1853360288922038, "TPR@1%FPR": 0.017527675276752766, "TPR@10%FPR": 0.11162361623616236, "AUROC": 0.5943093938918113}