{"Algorithm": "Learn-sorted", "Precision": 0.5145631067961165, "Recall": 0.6356088560885609, "F1-score": 0.5687164671894346, "Accuracy": 0.5296838606683939, "FNR": 0.3643911439114391, "FPR": 0.5762411347517731, "Membership advantage": 0.059367721336787804, "TPR@1%FPR": 0.014760147601476014, "TPR@10%FPR": 0.10055350553505535, "AUROC": 0.529481039491246}