{"Algorithm": "Query-neighbor", "Precision": 0.5082319255547602, "Recall": 0.6549815498154982, "F1-score": 0.5723498589278516, "Accuracy": 0.5229694983120043, "FNR": 0.34501845018450183, "FPR": 0.6090425531914894, "Membership advantage": 0.0459389966240088, "TPR@1%FPR": 0.012915129151291513, "TPR@10%FPR": 0.06826568265682657, "AUROC": 0.527946795425401}