{"Algorithm": "Learn-original", "Precision": 0.5350795135640786, "Recall": 0.5276752767527675, "F1-score": 0.5313516024152344, "Accuracy": 0.5435362199366675, "FNR": 0.47232472324723246, "FPR": 0.44060283687943264, "Membership advantage": 0.08707243987333485, "TPR@1%FPR": 0.021217712177121772, "TPR@10%FPR": 0.12730627306273062, "AUROC": 0.5515963171599801}