{"Algorithm": "Learn-sorted", "Precision": 0.6206896551724138, "Recall": 0.06321334503950835, "F1-score": 0.11474103585657372, "Accuracy": 0.5111034106371819, "FNR": 0.9367866549604916, "FPR": 0.04100652376514446, "Membership advantage": 0.022206821274363887, "TPR@1%FPR": 0.021949078138718173, "TPR@10%FPR": 0.10711150131694469, "AUROC": 0.5063707557274206}