{"Algorithm": "Query-transfer", "Precision": 0.5370370370370371, "Recall": 0.8402107111501317, "F1-score": 0.6552550496405342, "Accuracy": 0.5356691952768367, "FNR": 0.15978928884986832, "FPR": 0.7688723205964585, "Membership advantage": 0.07133839055367319, "TPR@1%FPR": 0.013169446883230905, "TPR@10%FPR": 0.10711150131694469, "AUROC": 0.5273273182358587}