{"Algorithm": "Learn-original", "Precision": 0.5256484149855908, "Recall": 0.800702370500439, "F1-score": 0.6346555323590816, "Accuracy": 0.516846991401198, "FNR": 0.199297629499561, "FPR": 0.7670083876980429, "Membership advantage": 0.033693982802396105, "TPR@1%FPR": 0.010535557506584723, "TPR@10%FPR": 0.10272168568920105, "AUROC": 0.5102569494504343}