{"Algorithm": "Model-robust", "Precision": 0.6791979949874687, "Recall": 0.5, "F1-score": 0.5759829968119022, "Accuracy": 0.6365248226950355, "FNR": 0.5, "FPR": 0.22695035460992907, "Membership advantage": 0.2730496453900709, "TPR@1%FPR": 0.09778597785977859, "TPR@10%FPR": 0.30350553505535055, "AUROC": 0.7071131349611368}