{"Algorithm": "Learn-merge", "Precision": 0.558908879860708, "Recall": 0.8834862385321101, "F1-score": 0.6846782794169926, "Accuracy": 0.603062192349834, "FNR": 0.11651376146788991, "FPR": 0.6773618538324421, "Membership advantage": 0.20612438469966798, "TPR@1%FPR": 0.022018348623853212, "TPR@10%FPR": 0.13394495412844037, "AUROC": 0.6129061799865901}