{"Algorithm": "Metric-ent", "Precision": 0.66, "Recall": 0.05794556628621598, "F1-score": 0.10653753026634383, "Accuracy": 0.5131293535065748, "FNR": 0.9420544337137841, "FPR": 0.03168685927306617, "Membership advantage": 0.026258707013149807, "TPR@1%FPR": 0.016681299385425813, "TPR@10%FPR": 0.10886742756804214, "AUROC": 0.5047109717570799}